method,FactorNumber,RowInd,Val
truth,1,1,-0.00587002170766425
truth,1,2,0.120801794454379
truth,1,3,0.0408554200899203
truth,1,4,0.124915672557519
truth,1,5,0.125888546747469
truth,1,6,0.0119361860236968
truth,1,7,0.0474286390517713
truth,1,8,0.110710229225531
truth,1,9,0.0306799131923487
truth,1,10,0.0389976433915251
truth,1,11,0.113531027294035
truth,1,12,0.0373170901259926
truth,1,13,0.0589017184348216
truth,1,14,0.0375270942690088
truth,1,15,-0.00195235555192429
truth,1,16,0.124725104617748
truth,1,17,0.0049635997400991
truth,1,18,-0.00219086832529077
truth,1,19,0.0408680940672365
truth,1,20,0.120298280339764
truth,1,21,0.133114139303926
truth,1,22,0.0353882180224224
truth,1,23,0.0352121392988378
truth,1,24,0.117427261781635
truth,1,25,0.0570335576805821
truth,1,26,0.121101814624287
truth,1,27,0.0465263844372067
truth,1,28,0.052057941030167
truth,1,29,-0.00321245095163545
truth,1,30,0.00702051948346697
truth,1,31,0.127133270673355
truth,1,32,0.122133577544305
truth,1,33,0.0365429602753622
truth,1,34,0.118033591937956
truth,1,35,-0.00361220754509737
truth,1,36,0.0475676810383745
truth,1,37,0.137861901608353
truth,1,38,-0.0110621643004109
truth,1,39,0.0413747606351982
truth,1,40,0.00311832084197852
truth,1,41,0.00515760157301163
truth,1,42,0.0365893808041273
truth,1,43,0.0422782860682967
truth,1,44,0.0625622368175653
truth,1,45,0.00675624205201491
truth,1,46,0.0199695678139119
truth,1,47,-0.00823630424256114
truth,1,48,0.0325970180732869
truth,1,49,-0.00359969698283854
truth,1,50,0.117546884193272
truth,1,51,-0.000607786373498733
truth,1,52,0.0475646376019449
truth,1,53,0.120525400348735
truth,1,54,0.00442394957865929
truth,1,55,0.0375934181984667
truth,1,56,-0.00157422217193924
truth,1,57,0.00588899962934358
truth,1,58,0.118613054819615
truth,1,59,0.135762848116443
truth,1,60,0.0193275719151727
truth,1,61,0.038435128690599
truth,1,62,0.00612198615781589
truth,1,63,0.0393367841337761
truth,1,64,0.00308210190969107
truth,1,65,0.131502254266924
truth,1,66,0.052916056817807
truth,1,67,0.126952214889714
truth,1,68,0.111473470723567
truth,1,69,0.123139016967234
truth,1,70,0.0352429471490151
truth,1,71,0.118172586550928
truth,1,72,0.042463875646452
truth,1,73,0.140021953041859
truth,1,74,-0.0050284499462806
truth,1,75,0.04845493292172
truth,1,76,0.00698136319593784
truth,1,77,0.0369605908191794
truth,1,78,0.0535769294180006
truth,1,79,0.0419714407218263
truth,1,80,-0.0036751910827236
truth,1,81,-0.0026145141527042
truth,1,82,0.0348404070475247
truth,1,83,0.0389526098304975
truth,1,84,0.132818030855152
truth,1,85,0.00653087874341121
truth,1,86,0.0312536106976274
truth,1,87,0.113838647512055
truth,1,88,0.116711417375654
truth,1,89,0.118337163137787
truth,1,90,-0.0111866040452811
truth,1,91,-0.00689281782839919
truth,1,92,0.0385832639700463
truth,1,93,0.0293265003291025
truth,1,94,0.0423120156227807
truth,1,95,0.0415750196842853
truth,1,96,-0.00428003943747456
truth,1,97,0.116890158717828
truth,1,98,-0.00601030075413063
truth,1,99,0.0241401646427138
truth,1,100,0.0616252428135685
truth,1,101,0.0285859945805035
truth,1,102,0.0338430807625653
truth,1,103,0.040598012683655
truth,1,104,0.115336322821298
truth,1,105,0.0433822972037976
truth,1,106,0.107883367846403
truth,1,107,0.123321677314992
truth,1,108,0.046804528252073
truth,1,109,0.0444101673988775
truth,1,110,-0.00153789759469412
truth,1,111,0.129038211035737
truth,1,112,0.03945568977847
truth,1,113,0.00377996554857018
truth,1,114,0.130664619685469
truth,1,115,0.130532248997787
truth,1,116,0.00325884702835728
truth,1,117,0.0376298046982759
truth,1,118,0.126226400263251
truth,1,119,0.0400065548460907
truth,1,120,0.0481025555206052
truth,1,121,0.047448052856249
truth,1,122,0.0260065271185451
truth,1,123,0.0538451405777172
truth,1,124,0.000464497941083231
truth,1,125,0.0410995338153332
truth,1,126,0.132342442499643
truth,1,127,-0.0120543336288621
truth,1,128,-0.0114811698892251
truth,1,129,-0.00435648640247832
truth,1,130,0.0574331450135119
truth,1,131,0.0332830278117217
truth,1,132,0.117625703345542
truth,1,133,0.0564234961624982
truth,1,134,0.115564041215899
truth,1,135,0.0361537818239436
truth,1,136,0.0315205948741781
truth,1,137,0.1273542449448
truth,1,138,0.129439722580579
truth,1,139,0.125503218888976
truth,1,140,0.0365599022028181
truth,1,141,0.0383400832333882
truth,1,142,0.0578955345509227
truth,1,143,0.00129029972176583
truth,1,144,-0.0117424836172084
truth,1,145,0.10866981562741
truth,1,146,0.000452282688121664
truth,1,147,-0.00660630757496944
truth,1,148,-0.00252406651195007
truth,1,149,-0.00874703267546844
truth,1,150,0.132789141893662
truth,1,151,0.123795000928081
truth,1,152,0.0612794144837701
truth,1,153,0.045190089649786
truth,1,154,0.00235979947422916
truth,1,155,-0.0136213555213802
truth,1,156,0.0437944818373597
truth,1,157,0.0448537901200963
truth,1,158,-0.000734824800452264
truth,1,159,0.0417753023300915
truth,1,160,0.00956770379329794
truth,1,161,0.0362494639357756
truth,1,162,0.0450971733032924
truth,1,163,0.0365021938012169
truth,1,164,0.035278391532273
truth,1,165,0.0328564191884354
truth,1,166,0.0216702365447626
truth,1,167,0.127943637031744
truth,1,168,-0.00773878063918098
truth,1,169,0.0426467212840637
truth,1,170,0.00873937820974567
truth,1,171,0.0294420229236342
truth,1,172,-0.000413453174141721
truth,1,173,0.115490751982541
truth,1,174,0.12097771136168
truth,1,175,0.0351447864103519
truth,1,176,0.0333999051052787
truth,1,177,0.0436140476507069
truth,1,178,0.0403624573138898
truth,1,179,0.127126067530319
truth,1,180,0.0476646269562077
truth,1,181,0.123583559434313
truth,1,182,0.0387775095022686
truth,1,183,0.116807651516931
truth,1,184,-0.00666388929626418
truth,1,185,0.0503761338355957
truth,1,186,0.0377846403013276
truth,1,187,-0.0179645847015934
truth,1,188,0.036046353392097
truth,1,189,0.116899231605394
truth,1,190,0.121377854458204
truth,1,191,-0.00599973610015332
truth,1,192,0.0458489984934015
truth,1,193,0.13461365129535
truth,1,194,0.0419260213226286
truth,1,195,0.127463736607602
truth,1,196,0.0463721105970115
truth,1,197,0.0491082971718083
truth,1,198,0.0221963451993199
truth,1,199,-0.0164558900809408
truth,1,200,0.0422691540769143
truth,2,1,0.00160344177234042
truth,2,2,-0.0459360385640208
truth,2,3,0.0951314981941095
truth,2,4,-0.0563395975252811
truth,2,5,-0.0555397833045354
truth,2,6,-0.0127210047094738
truth,2,7,0.0950696744011195
truth,2,8,-0.037503791247672
truth,2,9,0.104856328799374
truth,2,10,0.103860335530952
truth,2,11,-0.0429384059640067
truth,2,12,0.0951633135044765
truth,2,13,0.0806815784325936
truth,2,14,0.0938768483975083
truth,2,15,0.00221168493283531
truth,2,16,-0.0373145233980348
truth,2,17,-0.013750090617868
truth,2,18,-0.00230485108070675
truth,2,19,0.104562225111116
truth,2,20,-0.061405859247789
truth,2,21,-0.0599996614315631
truth,2,22,0.114833190621352
truth,2,23,0.097054347257781
truth,2,24,-0.0579624442971559
truth,2,25,0.076232439098103
truth,2,26,-0.0520024280342678
truth,2,27,0.0855180547572775
truth,2,28,0.0845136346341818
truth,2,29,0.0105351912528756
truth,2,30,-0.00477555844428106
truth,2,31,-0.0547767985342514
truth,2,32,-0.0432219791554598
truth,2,33,0.113203987390204
truth,2,34,-0.0577184466312659
truth,2,35,0.00455449677792929
truth,2,36,0.0861335910782401
truth,2,37,-0.0539467418448491
truth,2,38,0.0142374862063784
truth,2,39,0.0878009575687011
truth,2,40,-0.00408077073370043
truth,2,41,-0.00349789278290711
truth,2,42,0.106030878186949
truth,2,43,0.0965986797334495
truth,2,44,0.0798429764718723
truth,2,45,-0.0131176360685921
truth,2,46,-0.00844537791149216
truth,2,47,-0.00866387605451427
truth,2,48,0.104420870377378
truth,2,49,-0.0153081704774475
truth,2,50,-0.0514963811695458
truth,2,51,0.000225868745838289
truth,2,52,0.0932093790975063
truth,2,53,-0.0472120604587611
truth,2,54,-0.0010031844965025
truth,2,55,0.110441499836585
truth,2,56,-0.00721446665719669
truth,2,57,0.00582300501519848
truth,2,58,-0.041945645932218
truth,2,59,-0.0565457728234218
truth,2,60,0.112737409589989
truth,2,61,0.0869522937756696
truth,2,62,0.00471641127150132
truth,2,63,0.109760174317128
truth,2,64,0.000260474784190539
truth,2,65,-0.0624521037350442
truth,2,66,0.0776544278911708
truth,2,67,-0.0640858617144852
truth,2,68,-0.0612033552072618
truth,2,69,-0.0511049036271814
truth,2,70,0.0898526443962636
truth,2,71,-0.0443989258180033
truth,2,72,0.0980807859585452
truth,2,73,-0.0628071790349002
truth,2,74,-5.89629228278332e-05
truth,2,75,0.108761369558231
truth,2,76,-0.00327697481760927
truth,2,77,0.0902559666483116
truth,2,78,0.0889262447859558
truth,2,79,0.0868381722246948
truth,2,80,0.00343156611011905
truth,2,81,0.00618889731606261
truth,2,82,0.0753321941118851
truth,2,83,0.094644496158887
truth,2,84,-0.0729743023051939
truth,2,85,-0.0168536655995351
truth,2,86,0.110637836936067
truth,2,87,-0.0430061008273802
truth,2,88,-0.0567934654252628
truth,2,89,-0.0465347082358613
truth,2,90,0.0181507067772823
truth,2,91,0.010577738036336
truth,2,92,0.0797528164726043
truth,2,93,0.11166194590452
truth,2,94,0.109599205215466
truth,2,95,0.0984538124564963
truth,2,96,-0.00131765601254928
truth,2,97,-0.0397925558487504
truth,2,98,0.00114962264923706
truth,2,99,0.117086834596738
truth,2,100,0.0817936830096464
truth,2,101,0.0922500115276419
truth,2,102,0.108529990357678
truth,2,103,0.101434851887929
truth,2,104,-0.0596383870343498
truth,2,105,0.086162519094148
truth,2,106,-0.0366950360723322
truth,2,107,-0.0446713810765132
truth,2,108,0.112221630170668
truth,2,109,0.0957969996277996
truth,2,110,-0.00050489758130253
truth,2,111,-0.0492562135535819
truth,2,112,0.0813486764665958
truth,2,113,0.0128254555945109
truth,2,114,-0.0684745740772587
truth,2,115,-0.0639917268472985
truth,2,116,0.000286324123846278
truth,2,117,0.0997122494060861
truth,2,118,-0.037093604754602
truth,2,119,0.0942483169438248
truth,2,120,0.0809510766160946
truth,2,121,0.0869322205263876
truth,2,122,0.11450109392736
truth,2,123,0.0695838099407226
truth,2,124,0.0221368110706233
truth,2,125,0.10759360860205
truth,2,126,-0.0649631319151067
truth,2,127,0.022875061130242
truth,2,128,0.0302208619943207
truth,2,129,0.00455428777640083
truth,2,130,0.0919373067364416
truth,2,131,0.104605735321575
truth,2,132,-0.0438777492156377
truth,2,133,0.0842907362706669
truth,2,134,-0.0332685906937787
truth,2,135,0.100387057514238
truth,2,136,0.106368165495349
truth,2,137,-0.0578471895185645
truth,2,138,-0.0560294630679504
truth,2,139,-0.056500261582159
truth,2,140,0.0957530788727928
truth,2,141,0.0923457392586078
truth,2,142,0.0799554256897502
truth,2,143,-0.0145806352729323
truth,2,144,0.0282987885204338
truth,2,145,-0.0465660283907077
truth,2,146,-0.00957626706140011
truth,2,147,0.00630825005062883
truth,2,148,-0.00450534295058006
truth,2,149,-0.00227165836030777
truth,2,150,-0.062338019643113
truth,2,151,-0.0446139459542056
truth,2,152,0.101972977431519
truth,2,153,0.0928182999953387
truth,2,154,-0.00318017052638284
truth,2,155,0.0223348680854988
truth,2,156,0.09982402408207
truth,2,157,0.0826052373694395
truth,2,158,-0.00798382556045502
truth,2,159,0.0974804089791465
truth,2,160,-0.00690238862456683
truth,2,161,0.0964277088370336
truth,2,162,0.0954668441479593
truth,2,163,0.101902902418633
truth,2,164,0.100468238121851
truth,2,165,0.0966061460475639
truth,2,166,0.103716970784376
truth,2,167,-0.049815403534608
truth,2,168,0.00365734911253154
truth,2,169,0.113180955155074
truth,2,170,-0.0105230067425787
truth,2,171,0.0986295084660316
truth,2,172,-0.0128224407185277
truth,2,173,-0.0360607977925238
truth,2,174,-0.050353081727144
truth,2,175,0.0940422557131238
truth,2,176,0.111708452851001
truth,2,177,0.0963993391939344
truth,2,178,0.0975478995145651
truth,2,179,-0.0544969357411329
truth,2,180,0.0741066721951438
truth,2,181,-0.0433796184952034
truth,2,182,0.0931648074034651
truth,2,183,-0.0357854693553934
truth,2,184,-0.00122068022607441
truth,2,185,0.0828214601918507
truth,2,186,0.0954675891958267
truth,2,187,0.000504690974659267
truth,2,188,0.0886978654302521
truth,2,189,-0.0633170379117238
truth,2,190,-0.0430150551489584
truth,2,191,-0.00195468628651214
truth,2,192,0.0992163781810459
truth,2,193,-0.0566942720754769
truth,2,194,0.0912219386362149
truth,2,195,-0.0467229941085007
truth,2,196,0.0890891803698289
truth,2,197,0.0838403572958648
truth,2,198,0.106376039257271
truth,2,199,0.0275142367318236
truth,2,200,0.0927253881581448
JisstPCA,1,1,0.00891594239403913
JisstPCA,1,2,0.108607100923078
JisstPCA,1,3,0.0351434533961772
JisstPCA,1,4,0.119543218994616
JisstPCA,1,5,0.133014864925391
JisstPCA,1,6,0.0010967609102544
JisstPCA,1,7,0.0514568177259535
JisstPCA,1,8,0.108802678576561
JisstPCA,1,9,0.035824685188944
JisstPCA,1,10,0.0478993034469051
JisstPCA,1,11,0.118815685125919
JisstPCA,1,12,0.0533920288605868
JisstPCA,1,13,0.0545301633687085
JisstPCA,1,14,0.0315067918648258
JisstPCA,1,15,0.00557335242832035
JisstPCA,1,16,0.0976481579578263
JisstPCA,1,17,0.0086942167918011
JisstPCA,1,18,-0.000500308435800463
JisstPCA,1,19,0.0332009347838169
JisstPCA,1,20,0.131771620035527
JisstPCA,1,21,0.145132229049538
JisstPCA,1,22,0.0410728453138036
JisstPCA,1,23,0.0364870981907875
JisstPCA,1,24,0.10732118559492
JisstPCA,1,25,0.0732873957638917
JisstPCA,1,26,0.117737195778206
JisstPCA,1,27,0.0407205872520749
JisstPCA,1,28,0.0616316862183201
JisstPCA,1,29,0.00319492572941431
JisstPCA,1,30,0.0131114547507915
JisstPCA,1,31,0.11072416659476
JisstPCA,1,32,0.121946924010605
JisstPCA,1,33,0.0342881425584794
JisstPCA,1,34,0.106933326866274
JisstPCA,1,35,-0.00213245881851887
JisstPCA,1,36,0.0476768687093553
JisstPCA,1,37,0.127636377941843
JisstPCA,1,38,-0.0156923649173999
JisstPCA,1,39,0.0491626051497655
JisstPCA,1,40,-0.00742982694020995
JisstPCA,1,41,0.00648236211106473
JisstPCA,1,42,0.0336503941444197
JisstPCA,1,43,0.0466341381261445
JisstPCA,1,44,0.0663554068759812
JisstPCA,1,45,0.0238486651790928
JisstPCA,1,46,0.0131563373102862
JisstPCA,1,47,0.00693717537510272
JisstPCA,1,48,0.0216260417022371
JisstPCA,1,49,0.00844863205406537
JisstPCA,1,50,0.107092606242289
JisstPCA,1,51,0.00639948882438557
JisstPCA,1,52,0.0462682978593949
JisstPCA,1,53,0.138801838017047
JisstPCA,1,54,0.00572885954328022
JisstPCA,1,55,0.0297386307148878
JisstPCA,1,56,0.00949497264517268
JisstPCA,1,57,0.00767383428831551
JisstPCA,1,58,0.117130655202003
JisstPCA,1,59,0.119139364529147
JisstPCA,1,60,0.0280023780570405
JisstPCA,1,61,0.0390330524430358
JisstPCA,1,62,-0.0131418499364885
JisstPCA,1,63,0.0518028548431691
JisstPCA,1,64,-0.0080503199188059
JisstPCA,1,65,0.135100561662438
JisstPCA,1,66,0.0495912712549339
JisstPCA,1,67,0.115180286052992
JisstPCA,1,68,0.125255389801547
JisstPCA,1,69,0.10445588977209
JisstPCA,1,70,0.0246466049726892
JisstPCA,1,71,0.111911048079516
JisstPCA,1,72,0.0387639717263741
JisstPCA,1,73,0.144074572207442
JisstPCA,1,74,-0.0150893823544678
JisstPCA,1,75,0.053763892872058
JisstPCA,1,76,0.00512899826632122
JisstPCA,1,77,0.034318946781748
JisstPCA,1,78,0.0530306426560683
JisstPCA,1,79,0.0249910514818407
JisstPCA,1,80,-0.0119613344360985
JisstPCA,1,81,-0.00427448747509812
JisstPCA,1,82,0.0307809474101663
JisstPCA,1,83,0.0478646383286883
JisstPCA,1,84,0.144504342297967
JisstPCA,1,85,0.00442669877478636
JisstPCA,1,86,0.0441953552449615
JisstPCA,1,87,0.129693551982356
JisstPCA,1,88,0.122883321281821
JisstPCA,1,89,0.115818297636246
JisstPCA,1,90,-0.0145641277955824
JisstPCA,1,91,0.00403614827783062
JisstPCA,1,92,0.0449421169392275
JisstPCA,1,93,0.030139569680388
JisstPCA,1,94,0.0424532365607245
JisstPCA,1,95,0.0417753961736561
JisstPCA,1,96,0.00271429262524802
JisstPCA,1,97,0.125215482527843
JisstPCA,1,98,-0.00752945273831721
JisstPCA,1,99,0.0457032158224988
JisstPCA,1,100,0.0723402489256071
JisstPCA,1,101,0.0250512818552366
JisstPCA,1,102,0.0278888821132741
JisstPCA,1,103,0.030786435926967
JisstPCA,1,104,0.110225596966004
JisstPCA,1,105,0.0414882981057769
JisstPCA,1,106,0.119344130960975
JisstPCA,1,107,0.120683630905794
JisstPCA,1,108,0.0504503284710653
JisstPCA,1,109,0.0362083126731868
JisstPCA,1,110,-0.00326036161757015
JisstPCA,1,111,0.123489955574419
JisstPCA,1,112,0.0323189718886848
JisstPCA,1,113,-0.00526409206980772
JisstPCA,1,114,0.121913793124626
JisstPCA,1,115,0.135407194511615
JisstPCA,1,116,0.00978501949340096
JisstPCA,1,117,0.0284125460242377
JisstPCA,1,118,0.102026355425171
JisstPCA,1,119,0.0472688646790662
JisstPCA,1,120,0.0363110509515246
JisstPCA,1,121,0.0435674462614818
JisstPCA,1,122,0.0253176081116655
JisstPCA,1,123,0.0499172910101228
JisstPCA,1,124,-0.000809843827274289
JisstPCA,1,125,0.0479060313051202
JisstPCA,1,126,0.137531020205377
JisstPCA,1,127,-0.00623281461558739
JisstPCA,1,128,-0.00769260099917827
JisstPCA,1,129,-0.00658189793144503
JisstPCA,1,130,0.0500955126039451
JisstPCA,1,131,0.0422707602145883
JisstPCA,1,132,0.128749823427704
JisstPCA,1,133,0.0513201613278604
JisstPCA,1,134,0.1177214366248
JisstPCA,1,135,0.0379021081295828
JisstPCA,1,136,0.0417933688758537
JisstPCA,1,137,0.131108214320099
JisstPCA,1,138,0.119728128931062
JisstPCA,1,139,0.14083871935039
JisstPCA,1,140,0.0310991281635176
JisstPCA,1,141,0.0323489832979029
JisstPCA,1,142,0.0552798489863238
JisstPCA,1,143,0.00944688638163606
JisstPCA,1,144,-0.0152447789774604
JisstPCA,1,145,0.0927007961715029
JisstPCA,1,146,-0.00908871791605337
JisstPCA,1,147,-0.0227268505981513
JisstPCA,1,148,0.000574143254224183
JisstPCA,1,149,-0.0227592737718901
JisstPCA,1,150,0.129983439878873
JisstPCA,1,151,0.131934516389882
JisstPCA,1,152,0.0640321995230437
JisstPCA,1,153,0.049524616443764
JisstPCA,1,154,0.00684428107506821
JisstPCA,1,155,-0.00938004824818168
JisstPCA,1,156,0.0495442867114146
JisstPCA,1,157,0.0412309782166889
JisstPCA,1,158,0.0124691351489984
JisstPCA,1,159,0.0283197402591904
JisstPCA,1,160,0.0136586044599121
JisstPCA,1,161,0.0320005360048845
JisstPCA,1,162,0.0391235017697343
JisstPCA,1,163,0.0497767963459191
JisstPCA,1,164,0.0296247904375412
JisstPCA,1,165,0.0459835794498865
JisstPCA,1,166,0.0162292083910075
JisstPCA,1,167,0.123738948376231
JisstPCA,1,168,0.00449791381649368
JisstPCA,1,169,0.0375673532819939
JisstPCA,1,170,0.0105049212848314
JisstPCA,1,171,0.0291748351371887
JisstPCA,1,172,-0.0105577647880125
JisstPCA,1,173,0.117143748122198
JisstPCA,1,174,0.121759130319501
JisstPCA,1,175,0.0400971359828019
JisstPCA,1,176,0.0348836272809792
JisstPCA,1,177,0.0567477793795723
JisstPCA,1,178,0.0306150966524543
JisstPCA,1,179,0.121031037862204
JisstPCA,1,180,0.0461655941187427
JisstPCA,1,181,0.114736875075864
JisstPCA,1,182,0.0425402502785986
JisstPCA,1,183,0.130396645599754
JisstPCA,1,184,-0.011878201546076
JisstPCA,1,185,0.066862636792678
JisstPCA,1,186,0.0385534913518861
JisstPCA,1,187,-0.0127541745294829
JisstPCA,1,188,0.0332382369918784
JisstPCA,1,189,0.106610931863929
JisstPCA,1,190,0.121491333563449
JisstPCA,1,191,0.00453476572790521
JisstPCA,1,192,0.045635281150817
JisstPCA,1,193,0.138181817736993
JisstPCA,1,194,0.0440642819682085
JisstPCA,1,195,0.124443181249639
JisstPCA,1,196,0.0352357327672181
JisstPCA,1,197,0.0760885727923912
JisstPCA,1,198,0.00616651899735728
JisstPCA,1,199,-0.0110236530100346
JisstPCA,1,200,0.0484056359081964
JisstPCA,2,1,0.047129921600886
JisstPCA,2,2,-0.0191168631450413
JisstPCA,2,3,0.101189891473801
JisstPCA,2,4,-0.0659604911034474
JisstPCA,2,5,-0.0576026002963281
JisstPCA,2,6,-0.0506879323984327
JisstPCA,2,7,0.0714722170293332
JisstPCA,2,8,-0.0539561621678322
JisstPCA,2,9,0.12607379550849
JisstPCA,2,10,0.117480225179511
JisstPCA,2,11,-0.0590857084393236
JisstPCA,2,12,0.0727262540808245
JisstPCA,2,13,0.0470830081865873
JisstPCA,2,14,0.118482806488264
JisstPCA,2,15,0.000154201245902715
JisstPCA,2,16,-0.0434108426291426
JisstPCA,2,17,-0.0197154306424556
JisstPCA,2,18,0.0323101402108092
JisstPCA,2,19,0.109777237477251
JisstPCA,2,20,-0.0890422137710322
JisstPCA,2,21,-0.0361606179712842
JisstPCA,2,22,0.0933090559625581
JisstPCA,2,23,0.0796093578076288
JisstPCA,2,24,-0.0784429479756027
JisstPCA,2,25,0.0885576881509117
JisstPCA,2,26,-0.0205997784051843
JisstPCA,2,27,0.114989106158616
JisstPCA,2,28,0.0920714955660974
JisstPCA,2,29,0.03031084693413
JisstPCA,2,30,-0.029435728277193
JisstPCA,2,31,-0.0712790759028242
JisstPCA,2,32,-0.0223763721431982
JisstPCA,2,33,0.0959844431488044
JisstPCA,2,34,-0.0496350646942957
JisstPCA,2,35,-0.00863811576992524
JisstPCA,2,36,0.073950523518254
JisstPCA,2,37,-0.0349703209520551
JisstPCA,2,38,-0.00860913070661768
JisstPCA,2,39,0.122005441120929
JisstPCA,2,40,0.00800625575675609
JisstPCA,2,41,0.0335105906447439
JisstPCA,2,42,0.0959033593655822
JisstPCA,2,43,0.0776047732158921
JisstPCA,2,44,0.0565170150162473
JisstPCA,2,45,-0.0519020863023153
JisstPCA,2,46,0.0310983793273317
JisstPCA,2,47,-0.0341396177999596
JisstPCA,2,48,0.130808625436943
JisstPCA,2,49,-0.0058562374762664
JisstPCA,2,50,-0.0407907871845874
JisstPCA,2,51,0.00235900030532042
JisstPCA,2,52,0.0936390607774203
JisstPCA,2,53,-0.0590108131447662
JisstPCA,2,54,-0.0367107218639848
JisstPCA,2,55,0.13941957310299
JisstPCA,2,56,-0.00541173875274625
JisstPCA,2,57,0.0172681441688737
JisstPCA,2,58,-0.0406089944766173
JisstPCA,2,59,-0.0235307392601011
JisstPCA,2,60,0.114333909928006
JisstPCA,2,61,0.0780154236864259
JisstPCA,2,62,0.0366581144792094
JisstPCA,2,63,0.112989809121197
JisstPCA,2,64,0.0121003051940981
JisstPCA,2,65,-0.0925464558436859
JisstPCA,2,66,0.0690309158272519
JisstPCA,2,67,-0.0539485253976266
JisstPCA,2,68,-0.0438777573505075
JisstPCA,2,69,-0.075067204901698
JisstPCA,2,70,0.0957814393264499
JisstPCA,2,71,-0.0376251658350116
JisstPCA,2,72,0.0935439980824589
JisstPCA,2,73,-0.0580166688908467
JisstPCA,2,74,-0.0290358192425679
JisstPCA,2,75,0.0801220473535473
JisstPCA,2,76,0.0118509403269476
JisstPCA,2,77,0.0646180403177967
JisstPCA,2,78,0.109619225206153
JisstPCA,2,79,0.0902462500224953
JisstPCA,2,80,-0.0209871427507022
JisstPCA,2,81,-0.0206348820633228
JisstPCA,2,82,0.0776059174864253
JisstPCA,2,83,0.122522228498946
JisstPCA,2,84,-0.101846937072248
JisstPCA,2,85,0.000179785640980717
JisstPCA,2,86,0.137948616536167
JisstPCA,2,87,-0.0193658418749916
JisstPCA,2,88,-0.0668135587219845
JisstPCA,2,89,-0.0702381236004208
JisstPCA,2,90,-0.00118220158785179
JisstPCA,2,91,-0.0341731996382337
JisstPCA,2,92,0.034726601329614
JisstPCA,2,93,0.103889077073669
JisstPCA,2,94,0.0593970216075918
JisstPCA,2,95,0.0698512421715139
JisstPCA,2,96,0.00733731707275018
JisstPCA,2,97,-0.0337537506199469
JisstPCA,2,98,-0.0132071541637158
JisstPCA,2,99,0.0777974507646087
JisstPCA,2,100,0.0801072167835779
JisstPCA,2,101,0.0736675546936481
JisstPCA,2,102,0.0961813686354154
JisstPCA,2,103,0.0924931464343532
JisstPCA,2,104,-0.0983348596474801
JisstPCA,2,105,0.10044531753954
JisstPCA,2,106,-0.0373782206084326
JisstPCA,2,107,-0.0151285909245324
JisstPCA,2,108,0.145286836138096
JisstPCA,2,109,0.111776014420369
JisstPCA,2,110,-0.022594164355962
JisstPCA,2,111,-0.0552482264188815
JisstPCA,2,112,0.0797627082012533
JisstPCA,2,113,0.013357123547217
JisstPCA,2,114,-0.0637880891544016
JisstPCA,2,115,-0.0327994657742441
JisstPCA,2,116,0.0102675648281038
JisstPCA,2,117,0.0839522343262505
JisstPCA,2,118,-0.0511205066608414
JisstPCA,2,119,0.123204214921169
JisstPCA,2,120,0.0471847021415795
JisstPCA,2,121,0.0957302817124643
JisstPCA,2,122,0.117805169799346
JisstPCA,2,123,0.0370010365217188
JisstPCA,2,124,0.0305557096192655
JisstPCA,2,125,0.0863650908962331
JisstPCA,2,126,-0.0791188884009601
JisstPCA,2,127,0.0314403452743164
JisstPCA,2,128,0.0417285813761104
JisstPCA,2,129,0.00133638992526447
JisstPCA,2,130,0.0551133383703475
JisstPCA,2,131,0.102415533163591
JisstPCA,2,132,-0.0786876977229662
JisstPCA,2,133,0.0914284262463537
JisstPCA,2,134,-0.0421177433664203
JisstPCA,2,135,0.0990554083171059
JisstPCA,2,136,0.114849925754883
JisstPCA,2,137,-0.0566324604267501
JisstPCA,2,138,-0.0453656393749093
JisstPCA,2,139,-0.0449094418167143
JisstPCA,2,140,0.0871018598806579
JisstPCA,2,141,0.0691057492336276
JisstPCA,2,142,0.0559544989582064
JisstPCA,2,143,0.00568501589001235
JisstPCA,2,144,0.0351567688202924
JisstPCA,2,145,0.00129303895210396
JisstPCA,2,146,-0.0298817127917007
JisstPCA,2,147,0.00152171665097754
JisstPCA,2,148,-0.0118354730914505
JisstPCA,2,149,-0.0100944247151316
JisstPCA,2,150,-0.0330329383152056
JisstPCA,2,151,-0.0522911393493346
JisstPCA,2,152,0.099787203100003
JisstPCA,2,153,0.0732346867009069
JisstPCA,2,154,-0.0308548587993087
JisstPCA,2,155,0.00491062516830151
JisstPCA,2,156,0.102244289347609
JisstPCA,2,157,0.0657849798180296
JisstPCA,2,158,0.000659143529246925
JisstPCA,2,159,0.107342092043532
JisstPCA,2,160,0.0155209325653142
JisstPCA,2,161,0.0982891243804501
JisstPCA,2,162,0.0785630112917867
JisstPCA,2,163,0.114862275241704
JisstPCA,2,164,0.0882953994918088
JisstPCA,2,165,0.0992711373797256
JisstPCA,2,166,0.0805961216809663
JisstPCA,2,167,-0.0333498192060177
JisstPCA,2,168,0.00321497738603019
JisstPCA,2,169,0.10210062579332
JisstPCA,2,170,-0.0235185853483865
JisstPCA,2,171,0.115891630031539
JisstPCA,2,172,0.00845791306735597
JisstPCA,2,173,-0.0498527252269909
JisstPCA,2,174,-0.0684047774139511
JisstPCA,2,175,0.0862751686406202
JisstPCA,2,176,0.139258984171662
JisstPCA,2,177,0.0777003599016888
JisstPCA,2,178,0.0896891082219505
JisstPCA,2,179,-0.0654109202817646
JisstPCA,2,180,0.115228478079136
JisstPCA,2,181,-0.0501439827641537
JisstPCA,2,182,0.0592813905858721
JisstPCA,2,183,-0.0643554779124732
JisstPCA,2,184,-0.0107932362500582
JisstPCA,2,185,0.0507650221420056
JisstPCA,2,186,0.0740308256168672
JisstPCA,2,187,0.0209213718734644
JisstPCA,2,188,0.07591456355866
JisstPCA,2,189,-0.0646833311621507
JisstPCA,2,190,-0.0201177178634649
JisstPCA,2,191,-0.0173034293084083
JisstPCA,2,192,0.107772440687787
JisstPCA,2,193,-0.0749992954757984
JisstPCA,2,194,0.0661330656494322
JisstPCA,2,195,-0.0418762894346853
JisstPCA,2,196,0.0962158383609992
JisstPCA,2,197,0.0600508912772401
JisstPCA,2,198,0.0310868450586522
JisstPCA,2,199,0.0353271633218802
JisstPCA,2,200,0.106097887153849
G-JisstPCA,1,1,0.00870662728044402
G-JisstPCA,1,2,0.108440118005991
G-JisstPCA,1,3,0.0352149686142593
G-JisstPCA,1,4,0.119596106766123
G-JisstPCA,1,5,0.132845860442873
G-JisstPCA,1,6,0.00127432994416519
G-JisstPCA,1,7,0.0517714952745924
G-JisstPCA,1,8,0.10842129719346
G-JisstPCA,1,9,0.0358733195198127
G-JisstPCA,1,10,0.0480858184840825
G-JisstPCA,1,11,0.118726187421187
G-JisstPCA,1,12,0.0532437814353805
G-JisstPCA,1,13,0.0543750878859675
G-JisstPCA,1,14,0.0313498667109787
G-JisstPCA,1,15,0.00566134032158444
G-JisstPCA,1,16,0.0975247888045619
G-JisstPCA,1,17,0.0089499989667347
G-JisstPCA,1,18,-0.000501085523272651
G-JisstPCA,1,19,0.0329583187825807
G-JisstPCA,1,20,0.131743436430564
G-JisstPCA,1,21,0.145415199534851
G-JisstPCA,1,22,0.0413833705196616
G-JisstPCA,1,23,0.0366933925107313
G-JisstPCA,1,24,0.107392210713669
G-JisstPCA,1,25,0.0732082990250451
G-JisstPCA,1,26,0.117800558215466
G-JisstPCA,1,27,0.0405200182445042
G-JisstPCA,1,28,0.0616107100331961
G-JisstPCA,1,29,0.00317734402405387
G-JisstPCA,1,30,0.0132867545706157
G-JisstPCA,1,31,0.110696200349542
G-JisstPCA,1,32,0.122206761981836
G-JisstPCA,1,33,0.0342474566940134
G-JisstPCA,1,34,0.107061000629257
G-JisstPCA,1,35,-0.00198487257064485
G-JisstPCA,1,36,0.0472760195230376
G-JisstPCA,1,37,0.127314848320554
G-JisstPCA,1,38,-0.015668365320196
G-JisstPCA,1,39,0.0491274610995702
G-JisstPCA,1,40,-0.00757259312608073
G-JisstPCA,1,41,0.0065115386497761
G-JisstPCA,1,42,0.0337934867068372
G-JisstPCA,1,43,0.046646843880247
G-JisstPCA,1,44,0.0666147409245117
G-JisstPCA,1,45,0.023915448534733
G-JisstPCA,1,46,0.0129923099635084
G-JisstPCA,1,47,0.00684016078878363
G-JisstPCA,1,48,0.0218588638006213
G-JisstPCA,1,49,0.00849722778067354
G-JisstPCA,1,50,0.106799046379996
G-JisstPCA,1,51,0.00672680556354586
G-JisstPCA,1,52,0.0464578036389927
G-JisstPCA,1,53,0.138778295174412
G-JisstPCA,1,54,0.00555066353500855
G-JisstPCA,1,55,0.0295369390168429
G-JisstPCA,1,56,0.00991087318526157
G-JisstPCA,1,57,0.00743089888507572
G-JisstPCA,1,58,0.117112162433524
G-JisstPCA,1,59,0.118777450669431
G-JisstPCA,1,60,0.0278772193989565
G-JisstPCA,1,61,0.0391677996875472
G-JisstPCA,1,62,-0.013155235701573
G-JisstPCA,1,63,0.0517450806167395
G-JisstPCA,1,64,-0.00832747727083331
G-JisstPCA,1,65,0.135090964508878
G-JisstPCA,1,66,0.0496379491651703
G-JisstPCA,1,67,0.114959919267861
G-JisstPCA,1,68,0.125013768225155
G-JisstPCA,1,69,0.10500109961635
G-JisstPCA,1,70,0.0245922840305137
G-JisstPCA,1,71,0.111969082802246
G-JisstPCA,1,72,0.0387917408958084
G-JisstPCA,1,73,0.143697765363996
G-JisstPCA,1,74,-0.0152627340770187
G-JisstPCA,1,75,0.0535670801207546
G-JisstPCA,1,76,0.00537830367436143
G-JisstPCA,1,77,0.0340283171784195
G-JisstPCA,1,78,0.0529684704281231
G-JisstPCA,1,79,0.0247645117575585
G-JisstPCA,1,80,-0.0122948052969827
G-JisstPCA,1,81,-0.00417015334901311
G-JisstPCA,1,82,0.0307362227734734
G-JisstPCA,1,83,0.0480675693364783
G-JisstPCA,1,84,0.144319054789429
G-JisstPCA,1,85,0.00457721005748275
G-JisstPCA,1,86,0.04415958056254
G-JisstPCA,1,87,0.130165854094207
G-JisstPCA,1,88,0.122995801444341
G-JisstPCA,1,89,0.115853305126825
G-JisstPCA,1,90,-0.0149200017329656
G-JisstPCA,1,91,0.00399756256253303
G-JisstPCA,1,92,0.0446908762561876
G-JisstPCA,1,93,0.0301227131107433
G-JisstPCA,1,94,0.0428090437549244
G-JisstPCA,1,95,0.0415236214246239
G-JisstPCA,1,96,0.00269964762258802
G-JisstPCA,1,97,0.125337537773166
G-JisstPCA,1,98,-0.00775695363646893
G-JisstPCA,1,99,0.0455439676331105
G-JisstPCA,1,100,0.0722014866235105
G-JisstPCA,1,101,0.0251654348622568
G-JisstPCA,1,102,0.0279758204521734
G-JisstPCA,1,103,0.0306477044223179
G-JisstPCA,1,104,0.110050031731838
G-JisstPCA,1,105,0.0415698499649959
G-JisstPCA,1,106,0.119194747072455
G-JisstPCA,1,107,0.120896532237193
G-JisstPCA,1,108,0.0502368977949644
G-JisstPCA,1,109,0.036289430120249
G-JisstPCA,1,110,-0.00382104395756204
G-JisstPCA,1,111,0.123779137932125
G-JisstPCA,1,112,0.0324873332928808
G-JisstPCA,1,113,-0.00518635945978951
G-JisstPCA,1,114,0.121841969436107
G-JisstPCA,1,115,0.13576359600804
G-JisstPCA,1,116,0.00947691085759845
G-JisstPCA,1,117,0.0284158837219131
G-JisstPCA,1,118,0.101986091886029
G-JisstPCA,1,119,0.0468209814764102
G-JisstPCA,1,120,0.0362599890719777
G-JisstPCA,1,121,0.0437176140722585
G-JisstPCA,1,122,0.0250325792425098
G-JisstPCA,1,123,0.0499310609485664
G-JisstPCA,1,124,-0.00123124853100551
G-JisstPCA,1,125,0.048073633273763
G-JisstPCA,1,126,0.137498602533717
G-JisstPCA,1,127,-0.00586591100390333
G-JisstPCA,1,128,-0.00782816076489948
G-JisstPCA,1,129,-0.00646017665702248
G-JisstPCA,1,130,0.050001793364432
G-JisstPCA,1,131,0.04220170556094
G-JisstPCA,1,132,0.128890254919747
G-JisstPCA,1,133,0.0514966104198838
G-JisstPCA,1,134,0.118038832473866
G-JisstPCA,1,135,0.037746826291149
G-JisstPCA,1,136,0.041908312054255
G-JisstPCA,1,137,0.131408093693935
G-JisstPCA,1,138,0.119594919400767
G-JisstPCA,1,139,0.140826273803023
G-JisstPCA,1,140,0.0307986725660362
G-JisstPCA,1,141,0.0322062952941269
G-JisstPCA,1,142,0.0550552841852053
G-JisstPCA,1,143,0.00958005552151615
G-JisstPCA,1,144,-0.015036715971835
G-JisstPCA,1,145,0.0927837724995174
G-JisstPCA,1,146,-0.0091812984632176
G-JisstPCA,1,147,-0.0226276619449224
G-JisstPCA,1,148,0.000412357432935315
G-JisstPCA,1,149,-0.022495170884607
G-JisstPCA,1,150,0.130034555997052
G-JisstPCA,1,151,0.132101436328002
G-JisstPCA,1,152,0.0643664081165046
G-JisstPCA,1,153,0.0496955713125931
G-JisstPCA,1,154,0.00696426152805352
G-JisstPCA,1,155,-0.00930350972662149
G-JisstPCA,1,156,0.0496639809905793
G-JisstPCA,1,157,0.0415876987560276
G-JisstPCA,1,158,0.012493176618295
G-JisstPCA,1,159,0.0285780693158571
G-JisstPCA,1,160,0.0138129119080513
G-JisstPCA,1,161,0.0317223915383413
G-JisstPCA,1,162,0.0389733708819624
G-JisstPCA,1,163,0.0494468855558049
G-JisstPCA,1,164,0.0293703888128276
G-JisstPCA,1,165,0.0459413450133674
G-JisstPCA,1,166,0.0164629215649799
G-JisstPCA,1,167,0.123717749332584
G-JisstPCA,1,168,0.00443971606610573
G-JisstPCA,1,169,0.0375084527977722
G-JisstPCA,1,170,0.0106543075730413
G-JisstPCA,1,171,0.0288849807389337
G-JisstPCA,1,172,-0.0106919596758067
G-JisstPCA,1,173,0.117125385530029
G-JisstPCA,1,174,0.121475858774215
G-JisstPCA,1,175,0.0402585150573707
G-JisstPCA,1,176,0.0345284892161233
G-JisstPCA,1,177,0.0567725367251509
G-JisstPCA,1,178,0.0306344380252832
G-JisstPCA,1,179,0.120925348191658
G-JisstPCA,1,180,0.0463601626102167
G-JisstPCA,1,181,0.114655600774471
G-JisstPCA,1,182,0.0425999116146512
G-JisstPCA,1,183,0.130492632520462
G-JisstPCA,1,184,-0.0125419484305685
G-JisstPCA,1,185,0.0669415769838993
G-JisstPCA,1,186,0.0385780528720901
G-JisstPCA,1,187,-0.0132095917780049
G-JisstPCA,1,188,0.0333028641048932
G-JisstPCA,1,189,0.106860388496993
G-JisstPCA,1,190,0.12151718387799
G-JisstPCA,1,191,0.00402617528046308
G-JisstPCA,1,192,0.0456027268175069
G-JisstPCA,1,193,0.138442788240702
G-JisstPCA,1,194,0.0440315560847979
G-JisstPCA,1,195,0.12410228059628
G-JisstPCA,1,196,0.0355393717934381
G-JisstPCA,1,197,0.0759290193112091
G-JisstPCA,1,198,0.00609142197141491
G-JisstPCA,1,199,-0.011123900960467
G-JisstPCA,1,200,0.0479873729345529
G-JisstPCA,2,1,0.0483354472713617
G-JisstPCA,2,2,-0.0205344511707723
G-JisstPCA,2,3,0.100657584563068
G-JisstPCA,2,4,-0.0660372513293594
G-JisstPCA,2,5,-0.0573214863718184
G-JisstPCA,2,6,-0.0498534541257465
G-JisstPCA,2,7,0.0716089429989501
G-JisstPCA,2,8,-0.0541747593198933
G-JisstPCA,2,9,0.12571934929016
G-JisstPCA,2,10,0.114835070171603
G-JisstPCA,2,11,-0.0591483591579819
G-JisstPCA,2,12,0.0734029546435535
G-JisstPCA,2,13,0.0477280367597509
G-JisstPCA,2,14,0.118595565753252
G-JisstPCA,2,15,-0.00102642806645716
G-JisstPCA,2,16,-0.0415737910530362
G-JisstPCA,2,17,-0.0192853799785608
G-JisstPCA,2,18,0.0340218893408282
G-JisstPCA,2,19,0.111279269670651
G-JisstPCA,2,20,-0.0905201092871155
G-JisstPCA,2,21,-0.0357819518332622
G-JisstPCA,2,22,0.0924495127538861
G-JisstPCA,2,23,0.0794150456194258
G-JisstPCA,2,24,-0.0799615970650991
G-JisstPCA,2,25,0.0891568243909242
G-JisstPCA,2,26,-0.0203475500584512
G-JisstPCA,2,27,0.117646558732451
G-JisstPCA,2,28,0.0913003092430367
G-JisstPCA,2,29,0.0305404061874704
G-JisstPCA,2,30,-0.0291583847340911
G-JisstPCA,2,31,-0.0721786113316158
G-JisstPCA,2,32,-0.0217479471215173
G-JisstPCA,2,33,0.0959867342502954
G-JisstPCA,2,34,-0.0501695683963198
G-JisstPCA,2,35,-0.00948031063811665
G-JisstPCA,2,36,0.0731760822945207
G-JisstPCA,2,37,-0.033950051375063
G-JisstPCA,2,38,-0.00830142464954151
G-JisstPCA,2,39,0.12293749158448
G-JisstPCA,2,40,0.00730782657474729
G-JisstPCA,2,41,0.0318935022136083
G-JisstPCA,2,42,0.0967157154742929
G-JisstPCA,2,43,0.0770106873057519
G-JisstPCA,2,44,0.0556951520726822
G-JisstPCA,2,45,-0.0512671783495982
G-JisstPCA,2,46,0.0309864176669023
G-JisstPCA,2,47,-0.0342476622087125
G-JisstPCA,2,48,0.129376027619648
G-JisstPCA,2,49,-0.00776750190298961
G-JisstPCA,2,50,-0.0401073907539169
G-JisstPCA,2,51,0.00117831292581847
G-JisstPCA,2,52,0.0941727393375772
G-JisstPCA,2,53,-0.0585647025985521
G-JisstPCA,2,54,-0.0366931795510188
G-JisstPCA,2,55,0.139610210083807
G-JisstPCA,2,56,-0.00501143659929018
G-JisstPCA,2,57,0.0187565212023639
G-JisstPCA,2,58,-0.0416699192038198
G-JisstPCA,2,59,-0.0229367844069334
G-JisstPCA,2,60,0.113986280316007
G-JisstPCA,2,61,0.0793705244114104
G-JisstPCA,2,62,0.0368629278615696
G-JisstPCA,2,63,0.113773567250423
G-JisstPCA,2,64,0.0117895567840397
G-JisstPCA,2,65,-0.0918021491327398
G-JisstPCA,2,66,0.0688283290929265
G-JisstPCA,2,67,-0.0542400372038463
G-JisstPCA,2,68,-0.0421662897656992
G-JisstPCA,2,69,-0.0762934326505229
G-JisstPCA,2,70,0.0949334992618081
G-JisstPCA,2,71,-0.0367960250469522
G-JisstPCA,2,72,0.0937238259326436
G-JisstPCA,2,73,-0.0581612592345397
G-JisstPCA,2,74,-0.0286877892862448
G-JisstPCA,2,75,0.0790336395525924
G-JisstPCA,2,76,0.0123057598475143
G-JisstPCA,2,77,0.0653412917764327
G-JisstPCA,2,78,0.109410987298599
G-JisstPCA,2,79,0.0907936786863085
G-JisstPCA,2,80,-0.0202041506347684
G-JisstPCA,2,81,-0.020923657115728
G-JisstPCA,2,82,0.0787022217212688
G-JisstPCA,2,83,0.121819851379975
G-JisstPCA,2,84,-0.10142330896746
G-JisstPCA,2,85,-0.00077098217518335
G-JisstPCA,2,86,0.137767030224831
G-JisstPCA,2,87,-0.0203041857390519
G-JisstPCA,2,88,-0.0668323827572817
G-JisstPCA,2,89,-0.0704912693848926
G-JisstPCA,2,90,-0.0013246446538047
G-JisstPCA,2,91,-0.0335568918574922
G-JisstPCA,2,92,0.0352733302242218
G-JisstPCA,2,93,0.104358435075925
G-JisstPCA,2,94,0.0588912424674563
G-JisstPCA,2,95,0.0710623315750408
G-JisstPCA,2,96,0.00806372362414922
G-JisstPCA,2,97,-0.0322844756585672
G-JisstPCA,2,98,-0.0119291206864651
G-JisstPCA,2,99,0.0771778220190255
G-JisstPCA,2,100,0.0795451445849047
G-JisstPCA,2,101,0.0736503082865542
G-JisstPCA,2,102,0.0961414955633367
G-JisstPCA,2,103,0.0930342799373945
G-JisstPCA,2,104,-0.0997837834884591
G-JisstPCA,2,105,0.098659695164923
G-JisstPCA,2,106,-0.0371600965808428
G-JisstPCA,2,107,-0.0160607117162351
G-JisstPCA,2,108,0.145806122028344
G-JisstPCA,2,109,0.112280833840424
G-JisstPCA,2,110,-0.0211147981963285
G-JisstPCA,2,111,-0.053852389774826
G-JisstPCA,2,112,0.0790219498202051
G-JisstPCA,2,113,0.0135460980413704
G-JisstPCA,2,114,-0.0632938691351888
G-JisstPCA,2,115,-0.0317436772003677
G-JisstPCA,2,116,0.0101179145137697
G-JisstPCA,2,117,0.0842916958650901
G-JisstPCA,2,118,-0.0509971998767113
G-JisstPCA,2,119,0.124386646797626
G-JisstPCA,2,120,0.0464548176943355
G-JisstPCA,2,121,0.0948643934140932
G-JisstPCA,2,122,0.116734994651926
G-JisstPCA,2,123,0.0375753517338658
G-JisstPCA,2,124,0.0309977475005703
G-JisstPCA,2,125,0.0842892891200658
G-JisstPCA,2,126,-0.0787585343164077
G-JisstPCA,2,127,0.0318768675061444
G-JisstPCA,2,128,0.0438365721077676
G-JisstPCA,2,129,0.00103026981083471
G-JisstPCA,2,130,0.0527421704227902
G-JisstPCA,2,131,0.103328546363212
G-JisstPCA,2,132,-0.0784735022940954
G-JisstPCA,2,133,0.0916538490960099
G-JisstPCA,2,134,-0.0419595776760614
G-JisstPCA,2,135,0.0993433825647693
G-JisstPCA,2,136,0.114446366624751
G-JisstPCA,2,137,-0.0572156345750793
G-JisstPCA,2,138,-0.0452913686376718
G-JisstPCA,2,139,-0.0448780515311942
G-JisstPCA,2,140,0.0877266466497036
G-JisstPCA,2,141,0.0690876631832316
G-JisstPCA,2,142,0.054765180360634
G-JisstPCA,2,143,0.00766534179398526
G-JisstPCA,2,144,0.0333804152256267
G-JisstPCA,2,145,0.00109307796089874
G-JisstPCA,2,146,-0.0294309248639733
G-JisstPCA,2,147,0.00162680556463567
G-JisstPCA,2,148,-0.0126276635835944
G-JisstPCA,2,149,-0.0101825508574624
G-JisstPCA,2,150,-0.0335001487142549
G-JisstPCA,2,151,-0.052785088565096
G-JisstPCA,2,152,0.0988735187654827
G-JisstPCA,2,153,0.0742373042451375
G-JisstPCA,2,154,-0.0308900571114773
G-JisstPCA,2,155,0.00527520402902296
G-JisstPCA,2,156,0.101613878404896
G-JisstPCA,2,157,0.0655811095821444
G-JisstPCA,2,158,-0.000523348274010223
G-JisstPCA,2,159,0.108230767311317
G-JisstPCA,2,160,0.0154860841674355
G-JisstPCA,2,161,0.0985079058343963
G-JisstPCA,2,162,0.0765326656702504
G-JisstPCA,2,163,0.11538613172921
G-JisstPCA,2,164,0.0863207405253534
G-JisstPCA,2,165,0.0994724131115855
G-JisstPCA,2,166,0.0812079363042748
G-JisstPCA,2,167,-0.0351733590789354
G-JisstPCA,2,168,0.00241154688798073
G-JisstPCA,2,169,0.103554888885135
G-JisstPCA,2,170,-0.024095830972858
G-JisstPCA,2,171,0.116370796827807
G-JisstPCA,2,172,0.00927864110319022
G-JisstPCA,2,173,-0.0485678747355906
G-JisstPCA,2,174,-0.068449135335942
G-JisstPCA,2,175,0.0858127100882191
G-JisstPCA,2,176,0.139569761509187
G-JisstPCA,2,177,0.0778827843223711
G-JisstPCA,2,178,0.0901639815004752
G-JisstPCA,2,179,-0.0658928359517304
G-JisstPCA,2,180,0.115542394674716
G-JisstPCA,2,181,-0.0496327259963426
G-JisstPCA,2,182,0.0583635550401258
G-JisstPCA,2,183,-0.0653423769718057
G-JisstPCA,2,184,-0.0127035629030072
G-JisstPCA,2,185,0.0503045935368514
G-JisstPCA,2,186,0.0756488737231698
G-JisstPCA,2,187,0.0224325845063856
G-JisstPCA,2,188,0.0753432038348485
G-JisstPCA,2,189,-0.0629894978886766
G-JisstPCA,2,190,-0.0207547428730658
G-JisstPCA,2,191,-0.0190831456367533
G-JisstPCA,2,192,0.108527614218143
G-JisstPCA,2,193,-0.0743501295334956
G-JisstPCA,2,194,0.0665216510766444
G-JisstPCA,2,195,-0.042089676393543
G-JisstPCA,2,196,0.0947758228419397
G-JisstPCA,2,197,0.0605066303935113
G-JisstPCA,2,198,0.0317730606229419
G-JisstPCA,2,199,0.0345295121188168
G-JisstPCA,2,200,0.105867968724267
iHOSVD,1,1,0.00996466698682538
iHOSVD,1,2,0.102329270888887
iHOSVD,1,3,0.0366040607780178
iHOSVD,1,4,0.121081250570175
iHOSVD,1,5,0.135798291087739
iHOSVD,1,6,-0.00127395048753297
iHOSVD,1,7,0.0454706714837239
iHOSVD,1,8,0.109248976846238
iHOSVD,1,9,0.0379176624242028
iHOSVD,1,10,0.0497233934859149
iHOSVD,1,11,0.123040385965201
iHOSVD,1,12,0.0520141902546798
iHOSVD,1,13,0.0540795734078319
iHOSVD,1,14,0.0372711425899931
iHOSVD,1,15,0.00505488352610034
iHOSVD,1,16,0.0931816101685335
iHOSVD,1,17,0.00904534165661002
iHOSVD,1,18,0.00515984217678586
iHOSVD,1,19,0.030593625145614
iHOSVD,1,20,0.131729416259748
iHOSVD,1,21,0.145669361256459
iHOSVD,1,22,0.0399707684785298
iHOSVD,1,23,0.0296782232041616
iHOSVD,1,24,0.115310486213989
iHOSVD,1,25,0.0758132602385537
iHOSVD,1,26,0.117769616327828
iHOSVD,1,27,0.0397385704288576
iHOSVD,1,28,0.0585667762792442
iHOSVD,1,29,0.00588033350981523
iHOSVD,1,30,0.0144992022861923
iHOSVD,1,31,0.107473616192837
iHOSVD,1,32,0.123388214119293
iHOSVD,1,33,0.0351789974237122
iHOSVD,1,34,0.10287172802052
iHOSVD,1,35,-0.00741863728430753
iHOSVD,1,36,0.0446380774826204
iHOSVD,1,37,0.127413779891697
iHOSVD,1,38,-0.0113354076607572
iHOSVD,1,39,0.050842311615
iHOSVD,1,40,-0.00761876440664913
iHOSVD,1,41,0.0076855228883331
iHOSVD,1,42,0.0319523894587666
iHOSVD,1,43,0.0496670739311932
iHOSVD,1,44,0.0587743622164871
iHOSVD,1,45,0.0203110175734935
iHOSVD,1,46,0.0182001366323576
iHOSVD,1,47,0.00160468576514731
iHOSVD,1,48,0.0196033380987826
iHOSVD,1,49,0.00965361892221877
iHOSVD,1,50,0.105745408079193
iHOSVD,1,51,0.00738150025923275
iHOSVD,1,52,0.0487245287530131
iHOSVD,1,53,0.140000458599378
iHOSVD,1,54,0.00474509967581112
iHOSVD,1,55,0.0232769052276392
iHOSVD,1,56,0.0113473897097103
iHOSVD,1,57,0.0105041979498459
iHOSVD,1,58,0.119002131781539
iHOSVD,1,59,0.118124893626718
iHOSVD,1,60,0.0266349666659388
iHOSVD,1,61,0.0356471430695444
iHOSVD,1,62,-0.0111924031755177
iHOSVD,1,63,0.056739822699765
iHOSVD,1,64,-0.0108828871277504
iHOSVD,1,65,0.13975819378491
iHOSVD,1,66,0.0498711487735038
iHOSVD,1,67,0.120459220375465
iHOSVD,1,68,0.12053802312177
iHOSVD,1,69,0.104942643629246
iHOSVD,1,70,0.0280614258899253
iHOSVD,1,71,0.105965390404109
iHOSVD,1,72,0.0361164980155161
iHOSVD,1,73,0.139679948080551
iHOSVD,1,74,-0.0141798296679406
iHOSVD,1,75,0.0571187770607805
iHOSVD,1,76,-0.000493910140151724
iHOSVD,1,77,0.0293766556215262
iHOSVD,1,78,0.0394783330429683
iHOSVD,1,79,0.022746200070659
iHOSVD,1,80,-0.0116814690631624
iHOSVD,1,81,-0.00940961338119258
iHOSVD,1,82,0.0243750792469337
iHOSVD,1,83,0.0452244500796418
iHOSVD,1,84,0.142987094257765
iHOSVD,1,85,0.00404292985420008
iHOSVD,1,86,0.0392463426228662
iHOSVD,1,87,0.129193071032013
iHOSVD,1,88,0.124752126763617
iHOSVD,1,89,0.116019942436444
iHOSVD,1,90,-0.0148750719100603
iHOSVD,1,91,0.0120589800282743
iHOSVD,1,92,0.0479316642274397
iHOSVD,1,93,0.0340254921489172
iHOSVD,1,94,0.0475702254489775
iHOSVD,1,95,0.0375379143707063
iHOSVD,1,96,0.002688409485064
iHOSVD,1,97,0.119322415152367
iHOSVD,1,98,-0.0121907722040403
iHOSVD,1,99,0.0475417498796773
iHOSVD,1,100,0.0736318670784006
iHOSVD,1,101,0.0262828671541336
iHOSVD,1,102,0.026997330313193
iHOSVD,1,103,0.0280136371511575
iHOSVD,1,104,0.107256361721578
iHOSVD,1,105,0.0374522095217688
iHOSVD,1,106,0.117306786618039
iHOSVD,1,107,0.125891597753079
iHOSVD,1,108,0.0536799123352954
iHOSVD,1,109,0.0326617171663865
iHOSVD,1,110,-0.0091315530528362
iHOSVD,1,111,0.128902393658225
iHOSVD,1,112,0.0304533316376302
iHOSVD,1,113,-0.00121307135810809
iHOSVD,1,114,0.116638130913507
iHOSVD,1,115,0.133451488337331
iHOSVD,1,116,0.00961021622635849
iHOSVD,1,117,0.0251218005350568
iHOSVD,1,118,0.0956281389034403
iHOSVD,1,119,0.0395408351416757
iHOSVD,1,120,0.0307667139456153
iHOSVD,1,121,0.0454054770164297
iHOSVD,1,122,0.0245210079840266
iHOSVD,1,123,0.0466759022217199
iHOSVD,1,124,-0.00583586821208996
iHOSVD,1,125,0.0511554138477913
iHOSVD,1,126,0.145227158688932
iHOSVD,1,127,-0.00636903897352065
iHOSVD,1,128,-0.00626878168274042
iHOSVD,1,129,-0.00702859071542433
iHOSVD,1,130,0.0548011114507894
iHOSVD,1,131,0.0380752394908435
iHOSVD,1,132,0.122754573070213
iHOSVD,1,133,0.0540495428297091
iHOSVD,1,134,0.119592134580834
iHOSVD,1,135,0.0350337857800332
iHOSVD,1,136,0.0426771982085266
iHOSVD,1,137,0.134317316859949
iHOSVD,1,138,0.114981618685803
iHOSVD,1,139,0.143538265806098
iHOSVD,1,140,0.0322151388458716
iHOSVD,1,141,0.0258330861233735
iHOSVD,1,142,0.061363074690473
iHOSVD,1,143,0.0047808074946377
iHOSVD,1,144,-0.0148870392725986
iHOSVD,1,145,0.0932589325274603
iHOSVD,1,146,-0.00279179710187443
iHOSVD,1,147,-0.0154977062061455
iHOSVD,1,148,-0.00402650028527308
iHOSVD,1,149,-0.0229251102655873
iHOSVD,1,150,0.12912072535983
iHOSVD,1,151,0.132151595903087
iHOSVD,1,152,0.0659814339816184
iHOSVD,1,153,0.0483633283902681
iHOSVD,1,154,0.00820403145299829
iHOSVD,1,155,-0.00727697301860827
iHOSVD,1,156,0.0568375005255807
iHOSVD,1,157,0.0436558281684463
iHOSVD,1,158,0.0166232254486939
iHOSVD,1,159,0.027937501786714
iHOSVD,1,160,0.0100104385086628
iHOSVD,1,161,0.0348279126570794
iHOSVD,1,162,0.040787064199623
iHOSVD,1,163,0.0442774737547409
iHOSVD,1,164,0.0227079117103779
iHOSVD,1,165,0.0437541955330958
iHOSVD,1,166,0.0132506941559263
iHOSVD,1,167,0.123841378742135
iHOSVD,1,168,0.00324331990298143
iHOSVD,1,169,0.0357175261517898
iHOSVD,1,170,0.00832531186772832
iHOSVD,1,171,0.0280602735334546
iHOSVD,1,172,-0.0144757457260965
iHOSVD,1,173,0.117926700020978
iHOSVD,1,174,0.126745656459351
iHOSVD,1,175,0.040004483464292
iHOSVD,1,176,0.0329023698408879
iHOSVD,1,177,0.053855240311203
iHOSVD,1,178,0.0223131736186776
iHOSVD,1,179,0.125800700649593
iHOSVD,1,180,0.0504048014378998
iHOSVD,1,181,0.111983790940785
iHOSVD,1,182,0.0422945090917037
iHOSVD,1,183,0.128209470758495
iHOSVD,1,184,-0.0182684609215168
iHOSVD,1,185,0.060123322535495
iHOSVD,1,186,0.0402035429289217
iHOSVD,1,187,-0.0119002701362452
iHOSVD,1,188,0.0318480359857047
iHOSVD,1,189,0.105061123888429
iHOSVD,1,190,0.124952039983167
iHOSVD,1,191,0.00444246593454159
iHOSVD,1,192,0.0461686363349319
iHOSVD,1,193,0.149758333185584
iHOSVD,1,194,0.0444348001289327
iHOSVD,1,195,0.124011810455398
iHOSVD,1,196,0.0348067859421849
iHOSVD,1,197,0.0837079649438599
iHOSVD,1,198,0.00573768037312583
iHOSVD,1,199,-0.0116437106916743
iHOSVD,1,200,0.0461211088739712
iHOSVD,2,1,-0.0241860835607848
iHOSVD,2,2,0.0140943345634343
iHOSVD,2,3,-0.111803951403358
iHOSVD,2,4,0.095509516337371
iHOSVD,2,5,0.0887538750052248
iHOSVD,2,6,0.0519937893926176
iHOSVD,2,7,-0.0649188847505271
iHOSVD,2,8,0.0585193834802485
iHOSVD,2,9,-0.129455431937981
iHOSVD,2,10,-0.094287958543752
iHOSVD,2,11,0.0665349075226138
iHOSVD,2,12,-0.0783201212915195
iHOSVD,2,13,-0.0461172561579513
iHOSVD,2,14,-0.10403788032703
iHOSVD,2,15,0.0168727715964011
iHOSVD,2,16,0.0452107010604283
iHOSVD,2,17,0.0270013991668956
iHOSVD,2,18,-0.0334088409196657
iHOSVD,2,19,-0.107630978718286
iHOSVD,2,20,0.0550102911768704
iHOSVD,2,21,0.00962858388518153
iHOSVD,2,22,-0.0900133983114442
iHOSVD,2,23,-0.0794029913173835
iHOSVD,2,24,0.0882434253984274
iHOSVD,2,25,-0.0557581469950916
iHOSVD,2,26,0.0301870081864613
iHOSVD,2,27,-0.109037307777345
iHOSVD,2,28,-0.0848720523252044
iHOSVD,2,29,0.0106757960958638
iHOSVD,2,30,0.00469231973864947
iHOSVD,2,31,0.0706662306384719
iHOSVD,2,32,0.00899139689895249
iHOSVD,2,33,-0.116028944255499
iHOSVD,2,34,0.0940414108638378
iHOSVD,2,35,-0.006506518265169
iHOSVD,2,36,-0.104686342763883
iHOSVD,2,37,0.0776939904221551
iHOSVD,2,38,0.0453340130795249
iHOSVD,2,39,-0.0821986946859251
iHOSVD,2,40,-0.0150081576654635
iHOSVD,2,41,-0.0484233226683125
iHOSVD,2,42,-0.125399406756237
iHOSVD,2,43,-0.0897464924259951
iHOSVD,2,44,-0.0582435527047613
iHOSVD,2,45,0.05578883932686
iHOSVD,2,46,-0.0392730678445731
iHOSVD,2,47,0.045758680326656
iHOSVD,2,48,-0.113923200450592
iHOSVD,2,49,-0.0191801495981003
iHOSVD,2,50,0.0457004868610206
iHOSVD,2,51,0.0232916318153857
iHOSVD,2,52,-0.120491614363432
iHOSVD,2,53,0.00988145772448978
iHOSVD,2,54,0.0380056922045521
iHOSVD,2,55,-0.15744524819627
iHOSVD,2,56,-0.0196062114786947
iHOSVD,2,57,-0.0161811967751439
iHOSVD,2,58,0.0360522777471464
iHOSVD,2,59,0.0136235582804478
iHOSVD,2,60,-0.092549980480384
iHOSVD,2,61,-0.0858861599260006
iHOSVD,2,62,-0.0264145231943579
iHOSVD,2,63,-0.0451439478945545
iHOSVD,2,64,0.00171785970646614
iHOSVD,2,65,0.0595420326142451
iHOSVD,2,66,-0.05870007620562
iHOSVD,2,67,0.0664032352531465
iHOSVD,2,68,0.0761555303639822
iHOSVD,2,69,0.0972193817585771
iHOSVD,2,70,-0.064689890903304
iHOSVD,2,71,0.0132257556413163
iHOSVD,2,72,-0.093547574691815
iHOSVD,2,73,0.0496532410006907
iHOSVD,2,74,0.0125592133192119
iHOSVD,2,75,-0.102057719809422
iHOSVD,2,76,-0.0167061158031176
iHOSVD,2,77,-0.065682338984526
iHOSVD,2,78,-0.0957055358479316
iHOSVD,2,79,-0.0779590065851845
iHOSVD,2,80,0.00988528900857339
iHOSVD,2,81,0.0202653409547118
iHOSVD,2,82,-0.0572157237110124
iHOSVD,2,83,-0.134458641153017
iHOSVD,2,84,0.109596204064379
iHOSVD,2,85,0.0172872270162692
iHOSVD,2,86,-0.144994311508735
iHOSVD,2,87,0.0107379048580258
iHOSVD,2,88,0.0684326473858632
iHOSVD,2,89,0.072896915270423
iHOSVD,2,90,0.00584289190498017
iHOSVD,2,91,0.0393313066469366
iHOSVD,2,92,-0.0269023492650085
iHOSVD,2,93,-0.113146555681877
iHOSVD,2,94,-0.05078730216571
iHOSVD,2,95,-0.076665456212274
iHOSVD,2,96,-0.00709651026867067
iHOSVD,2,97,-0.00606482065738406
iHOSVD,2,98,0.00658977423230878
iHOSVD,2,99,-0.0954101151382464
iHOSVD,2,100,-0.115248390218062
iHOSVD,2,101,-0.0972441920789785
iHOSVD,2,102,-0.111926462242829
iHOSVD,2,103,-0.0872719411358002
iHOSVD,2,104,0.0535152234275856
iHOSVD,2,105,-0.103465326732782
iHOSVD,2,106,0.0416635733321293
iHOSVD,2,107,0.0254839052148775
iHOSVD,2,108,-0.176019678537504
iHOSVD,2,109,-0.106834241238826
iHOSVD,2,110,0.0423992293072939
iHOSVD,2,111,0.0891358305142174
iHOSVD,2,112,-0.0896252215087925
iHOSVD,2,113,-0.0206078099980013
iHOSVD,2,114,0.0647625698226211
iHOSVD,2,115,0.0251931970952947
iHOSVD,2,116,-0.0280505770303441
iHOSVD,2,117,-0.0620679521350973
iHOSVD,2,118,0.0488367478597135
iHOSVD,2,119,-0.136782291106494
iHOSVD,2,120,-0.0466230379581284
iHOSVD,2,121,-0.0756898002671163
iHOSVD,2,122,-0.133904312021774
iHOSVD,2,123,-0.00795632469710925
iHOSVD,2,124,-0.0201288723526077
iHOSVD,2,125,-0.0863413051405778
iHOSVD,2,126,0.0748069965578825
iHOSVD,2,127,-0.012709127055932
iHOSVD,2,128,-0.0277144834820198
iHOSVD,2,129,0.00561306005327525
iHOSVD,2,130,-0.0603271013282505
iHOSVD,2,131,-0.0578429206982468
iHOSVD,2,132,0.0730210588173631
iHOSVD,2,133,-0.0838904787269595
iHOSVD,2,134,0.0396866420364814
iHOSVD,2,135,-0.0875287266256601
iHOSVD,2,136,-0.06315971934306
iHOSVD,2,137,0.061132546604193
iHOSVD,2,138,0.0352832917893983
iHOSVD,2,139,0.0415066912369901
iHOSVD,2,140,-0.0496924514604718
iHOSVD,2,141,-0.0887004635306712
iHOSVD,2,142,-0.0649193312074091
iHOSVD,2,143,-0.00132113441517105
iHOSVD,2,144,-0.043035641745203
iHOSVD,2,145,-0.0278100867856287
iHOSVD,2,146,0.033621487611379
iHOSVD,2,147,0.00228833135582747
iHOSVD,2,148,0.0313413044821486
iHOSVD,2,149,-0.0173663916112211
iHOSVD,2,150,-0.00221729465771017
iHOSVD,2,151,0.0500200806358073
iHOSVD,2,152,-0.110678313319052
iHOSVD,2,153,-0.056033214118939
iHOSVD,2,154,0.034187497509534
iHOSVD,2,155,-0.000880929181414407
iHOSVD,2,156,-0.0973893473185094
iHOSVD,2,157,-0.0548876601221175
iHOSVD,2,158,-0.0246968003870029
iHOSVD,2,159,-0.0689112222849547
iHOSVD,2,160,-0.0285365466329393
iHOSVD,2,161,-0.080912562158638
iHOSVD,2,162,-0.0237241905501044
iHOSVD,2,163,-0.109204135765864
iHOSVD,2,164,-0.090349437301501
iHOSVD,2,165,-0.110844072900656
iHOSVD,2,166,-0.0590345626053238
iHOSVD,2,167,0.0547985705925972
iHOSVD,2,168,0.00402657802930938
iHOSVD,2,169,-0.0561409280606799
iHOSVD,2,170,0.00979412817863164
iHOSVD,2,171,-0.0775213169395582
iHOSVD,2,172,0.00165076105547824
iHOSVD,2,173,0.072414185027269
iHOSVD,2,174,0.0247568391711377
iHOSVD,2,175,-0.08534401655888
iHOSVD,2,176,-0.172469824614018
iHOSVD,2,177,-0.096707725150499
iHOSVD,2,178,-0.0595106151444105
iHOSVD,2,179,0.032609239426073
iHOSVD,2,180,-0.164974997707797
iHOSVD,2,181,0.00616106027103927
iHOSVD,2,182,-0.0682577660962134
iHOSVD,2,183,0.0617058095000564
iHOSVD,2,184,0.00747240627721608
iHOSVD,2,185,-0.0671974656873206
iHOSVD,2,186,-0.0863877717527174
iHOSVD,2,187,-0.0197738659080349
iHOSVD,2,188,-0.0523218219993903
iHOSVD,2,189,-0.0010332196641044
iHOSVD,2,190,0.0422725427621524
iHOSVD,2,191,0.0344493366258365
iHOSVD,2,192,-0.0875896097028335
iHOSVD,2,193,0.0587413147287729
iHOSVD,2,194,-0.092180906561932
iHOSVD,2,195,0.0541755929351386
iHOSVD,2,196,-0.100025536893747
iHOSVD,2,197,-0.0706102399265671
iHOSVD,2,198,-0.0243797826246418
iHOSVD,2,199,-0.0246029394891139
iHOSVD,2,200,-0.127167177738799
iHOOI,1,1,0.00996466698682538
iHOOI,1,2,0.102329270888887
iHOOI,1,3,0.0366040607780178
iHOOI,1,4,0.121081250570175
iHOOI,1,5,0.135798291087739
iHOOI,1,6,-0.00127395048753297
iHOOI,1,7,0.0454706714837239
iHOOI,1,8,0.109248976846238
iHOOI,1,9,0.0379176624242028
iHOOI,1,10,0.0497233934859149
iHOOI,1,11,0.123040385965201
iHOOI,1,12,0.0520141902546798
iHOOI,1,13,0.0540795734078319
iHOOI,1,14,0.0372711425899931
iHOOI,1,15,0.00505488352610034
iHOOI,1,16,0.0931816101685335
iHOOI,1,17,0.00904534165661002
iHOOI,1,18,0.00515984217678586
iHOOI,1,19,0.030593625145614
iHOOI,1,20,0.131729416259748
iHOOI,1,21,0.145669361256459
iHOOI,1,22,0.0399707684785298
iHOOI,1,23,0.0296782232041616
iHOOI,1,24,0.115310486213989
iHOOI,1,25,0.0758132602385537
iHOOI,1,26,0.117769616327828
iHOOI,1,27,0.0397385704288576
iHOOI,1,28,0.0585667762792442
iHOOI,1,29,0.00588033350981523
iHOOI,1,30,0.0144992022861923
iHOOI,1,31,0.107473616192837
iHOOI,1,32,0.123388214119293
iHOOI,1,33,0.0351789974237122
iHOOI,1,34,0.10287172802052
iHOOI,1,35,-0.00741863728430753
iHOOI,1,36,0.0446380774826204
iHOOI,1,37,0.127413779891697
iHOOI,1,38,-0.0113354076607572
iHOOI,1,39,0.050842311615
iHOOI,1,40,-0.00761876440664913
iHOOI,1,41,0.0076855228883331
iHOOI,1,42,0.0319523894587666
iHOOI,1,43,0.0496670739311932
iHOOI,1,44,0.0587743622164871
iHOOI,1,45,0.0203110175734935
iHOOI,1,46,0.0182001366323576
iHOOI,1,47,0.00160468576514731
iHOOI,1,48,0.0196033380987826
iHOOI,1,49,0.00965361892221877
iHOOI,1,50,0.105745408079193
iHOOI,1,51,0.00738150025923275
iHOOI,1,52,0.0487245287530131
iHOOI,1,53,0.140000458599378
iHOOI,1,54,0.00474509967581112
iHOOI,1,55,0.0232769052276392
iHOOI,1,56,0.0113473897097103
iHOOI,1,57,0.0105041979498459
iHOOI,1,58,0.119002131781539
iHOOI,1,59,0.118124893626718
iHOOI,1,60,0.0266349666659388
iHOOI,1,61,0.0356471430695444
iHOOI,1,62,-0.0111924031755177
iHOOI,1,63,0.056739822699765
iHOOI,1,64,-0.0108828871277504
iHOOI,1,65,0.13975819378491
iHOOI,1,66,0.0498711487735038
iHOOI,1,67,0.120459220375465
iHOOI,1,68,0.12053802312177
iHOOI,1,69,0.104942643629246
iHOOI,1,70,0.0280614258899253
iHOOI,1,71,0.105965390404109
iHOOI,1,72,0.0361164980155161
iHOOI,1,73,0.139679948080551
iHOOI,1,74,-0.0141798296679406
iHOOI,1,75,0.0571187770607805
iHOOI,1,76,-0.000493910140151724
iHOOI,1,77,0.0293766556215262
iHOOI,1,78,0.0394783330429683
iHOOI,1,79,0.022746200070659
iHOOI,1,80,-0.0116814690631624
iHOOI,1,81,-0.00940961338119258
iHOOI,1,82,0.0243750792469337
iHOOI,1,83,0.0452244500796418
iHOOI,1,84,0.142987094257765
iHOOI,1,85,0.00404292985420008
iHOOI,1,86,0.0392463426228662
iHOOI,1,87,0.129193071032013
iHOOI,1,88,0.124752126763617
iHOOI,1,89,0.116019942436444
iHOOI,1,90,-0.0148750719100603
iHOOI,1,91,0.0120589800282743
iHOOI,1,92,0.0479316642274397
iHOOI,1,93,0.0340254921489172
iHOOI,1,94,0.0475702254489775
iHOOI,1,95,0.0375379143707063
iHOOI,1,96,0.002688409485064
iHOOI,1,97,0.119322415152367
iHOOI,1,98,-0.0121907722040403
iHOOI,1,99,0.0475417498796773
iHOOI,1,100,0.0736318670784006
iHOOI,1,101,0.0262828671541336
iHOOI,1,102,0.026997330313193
iHOOI,1,103,0.0280136371511575
iHOOI,1,104,0.107256361721578
iHOOI,1,105,0.0374522095217688
iHOOI,1,106,0.117306786618039
iHOOI,1,107,0.125891597753079
iHOOI,1,108,0.0536799123352954
iHOOI,1,109,0.0326617171663865
iHOOI,1,110,-0.0091315530528362
iHOOI,1,111,0.128902393658225
iHOOI,1,112,0.0304533316376302
iHOOI,1,113,-0.00121307135810809
iHOOI,1,114,0.116638130913507
iHOOI,1,115,0.133451488337331
iHOOI,1,116,0.00961021622635849
iHOOI,1,117,0.0251218005350568
iHOOI,1,118,0.0956281389034403
iHOOI,1,119,0.0395408351416757
iHOOI,1,120,0.0307667139456153
iHOOI,1,121,0.0454054770164297
iHOOI,1,122,0.0245210079840266
iHOOI,1,123,0.0466759022217199
iHOOI,1,124,-0.00583586821208996
iHOOI,1,125,0.0511554138477913
iHOOI,1,126,0.145227158688932
iHOOI,1,127,-0.00636903897352065
iHOOI,1,128,-0.00626878168274042
iHOOI,1,129,-0.00702859071542433
iHOOI,1,130,0.0548011114507894
iHOOI,1,131,0.0380752394908435
iHOOI,1,132,0.122754573070213
iHOOI,1,133,0.0540495428297091
iHOOI,1,134,0.119592134580834
iHOOI,1,135,0.0350337857800332
iHOOI,1,136,0.0426771982085266
iHOOI,1,137,0.134317316859949
iHOOI,1,138,0.114981618685803
iHOOI,1,139,0.143538265806098
iHOOI,1,140,0.0322151388458716
iHOOI,1,141,0.0258330861233735
iHOOI,1,142,0.061363074690473
iHOOI,1,143,0.0047808074946377
iHOOI,1,144,-0.0148870392725986
iHOOI,1,145,0.0932589325274603
iHOOI,1,146,-0.00279179710187443
iHOOI,1,147,-0.0154977062061455
iHOOI,1,148,-0.00402650028527308
iHOOI,1,149,-0.0229251102655873
iHOOI,1,150,0.12912072535983
iHOOI,1,151,0.132151595903087
iHOOI,1,152,0.0659814339816184
iHOOI,1,153,0.0483633283902681
iHOOI,1,154,0.00820403145299829
iHOOI,1,155,-0.00727697301860827
iHOOI,1,156,0.0568375005255807
iHOOI,1,157,0.0436558281684463
iHOOI,1,158,0.0166232254486939
iHOOI,1,159,0.027937501786714
iHOOI,1,160,0.0100104385086628
iHOOI,1,161,0.0348279126570794
iHOOI,1,162,0.040787064199623
iHOOI,1,163,0.0442774737547409
iHOOI,1,164,0.0227079117103779
iHOOI,1,165,0.0437541955330958
iHOOI,1,166,0.0132506941559263
iHOOI,1,167,0.123841378742135
iHOOI,1,168,0.00324331990298143
iHOOI,1,169,0.0357175261517898
iHOOI,1,170,0.00832531186772832
iHOOI,1,171,0.0280602735334546
iHOOI,1,172,-0.0144757457260965
iHOOI,1,173,0.117926700020978
iHOOI,1,174,0.126745656459351
iHOOI,1,175,0.040004483464292
iHOOI,1,176,0.0329023698408879
iHOOI,1,177,0.053855240311203
iHOOI,1,178,0.0223131736186776
iHOOI,1,179,0.125800700649593
iHOOI,1,180,0.0504048014378998
iHOOI,1,181,0.111983790940785
iHOOI,1,182,0.0422945090917037
iHOOI,1,183,0.128209470758495
iHOOI,1,184,-0.0182684609215168
iHOOI,1,185,0.060123322535495
iHOOI,1,186,0.0402035429289217
iHOOI,1,187,-0.0119002701362452
iHOOI,1,188,0.0318480359857047
iHOOI,1,189,0.105061123888429
iHOOI,1,190,0.124952039983167
iHOOI,1,191,0.00444246593454159
iHOOI,1,192,0.0461686363349319
iHOOI,1,193,0.149758333185584
iHOOI,1,194,0.0444348001289327
iHOOI,1,195,0.124011810455398
iHOOI,1,196,0.0348067859421849
iHOOI,1,197,0.0837079649438599
iHOOI,1,198,0.00573768037312583
iHOOI,1,199,-0.0116437106916743
iHOOI,1,200,0.0461211088739712
iHOOI,2,1,-0.0241860835607848
iHOOI,2,2,0.0140943345634343
iHOOI,2,3,-0.111803951403358
iHOOI,2,4,0.095509516337371
iHOOI,2,5,0.0887538750052248
iHOOI,2,6,0.0519937893926176
iHOOI,2,7,-0.0649188847505271
iHOOI,2,8,0.0585193834802485
iHOOI,2,9,-0.129455431937981
iHOOI,2,10,-0.094287958543752
iHOOI,2,11,0.0665349075226138
iHOOI,2,12,-0.0783201212915195
iHOOI,2,13,-0.0461172561579513
iHOOI,2,14,-0.10403788032703
iHOOI,2,15,0.0168727715964011
iHOOI,2,16,0.0452107010604283
iHOOI,2,17,0.0270013991668956
iHOOI,2,18,-0.0334088409196657
iHOOI,2,19,-0.107630978718286
iHOOI,2,20,0.0550102911768704
iHOOI,2,21,0.00962858388518153
iHOOI,2,22,-0.0900133983114442
iHOOI,2,23,-0.0794029913173835
iHOOI,2,24,0.0882434253984274
iHOOI,2,25,-0.0557581469950916
iHOOI,2,26,0.0301870081864613
iHOOI,2,27,-0.109037307777345
iHOOI,2,28,-0.0848720523252044
iHOOI,2,29,0.0106757960958638
iHOOI,2,30,0.00469231973864947
iHOOI,2,31,0.0706662306384719
iHOOI,2,32,0.00899139689895249
iHOOI,2,33,-0.116028944255499
iHOOI,2,34,0.0940414108638378
iHOOI,2,35,-0.006506518265169
iHOOI,2,36,-0.104686342763883
iHOOI,2,37,0.0776939904221551
iHOOI,2,38,0.0453340130795249
iHOOI,2,39,-0.0821986946859251
iHOOI,2,40,-0.0150081576654635
iHOOI,2,41,-0.0484233226683125
iHOOI,2,42,-0.125399406756237
iHOOI,2,43,-0.0897464924259951
iHOOI,2,44,-0.0582435527047613
iHOOI,2,45,0.05578883932686
iHOOI,2,46,-0.0392730678445731
iHOOI,2,47,0.045758680326656
iHOOI,2,48,-0.113923200450592
iHOOI,2,49,-0.0191801495981003
iHOOI,2,50,0.0457004868610206
iHOOI,2,51,0.0232916318153857
iHOOI,2,52,-0.120491614363432
iHOOI,2,53,0.00988145772448978
iHOOI,2,54,0.0380056922045521
iHOOI,2,55,-0.15744524819627
iHOOI,2,56,-0.0196062114786947
iHOOI,2,57,-0.0161811967751439
iHOOI,2,58,0.0360522777471464
iHOOI,2,59,0.0136235582804478
iHOOI,2,60,-0.092549980480384
iHOOI,2,61,-0.0858861599260006
iHOOI,2,62,-0.0264145231943579
iHOOI,2,63,-0.0451439478945545
iHOOI,2,64,0.00171785970646614
iHOOI,2,65,0.0595420326142451
iHOOI,2,66,-0.05870007620562
iHOOI,2,67,0.0664032352531465
iHOOI,2,68,0.0761555303639822
iHOOI,2,69,0.0972193817585771
iHOOI,2,70,-0.064689890903304
iHOOI,2,71,0.0132257556413163
iHOOI,2,72,-0.093547574691815
iHOOI,2,73,0.0496532410006907
iHOOI,2,74,0.0125592133192119
iHOOI,2,75,-0.102057719809422
iHOOI,2,76,-0.0167061158031176
iHOOI,2,77,-0.065682338984526
iHOOI,2,78,-0.0957055358479316
iHOOI,2,79,-0.0779590065851845
iHOOI,2,80,0.00988528900857339
iHOOI,2,81,0.0202653409547118
iHOOI,2,82,-0.0572157237110124
iHOOI,2,83,-0.134458641153017
iHOOI,2,84,0.109596204064379
iHOOI,2,85,0.0172872270162692
iHOOI,2,86,-0.144994311508735
iHOOI,2,87,0.0107379048580258
iHOOI,2,88,0.0684326473858632
iHOOI,2,89,0.072896915270423
iHOOI,2,90,0.00584289190498017
iHOOI,2,91,0.0393313066469366
iHOOI,2,92,-0.0269023492650085
iHOOI,2,93,-0.113146555681877
iHOOI,2,94,-0.05078730216571
iHOOI,2,95,-0.076665456212274
iHOOI,2,96,-0.00709651026867067
iHOOI,2,97,-0.00606482065738406
iHOOI,2,98,0.00658977423230878
iHOOI,2,99,-0.0954101151382464
iHOOI,2,100,-0.115248390218062
iHOOI,2,101,-0.0972441920789785
iHOOI,2,102,-0.111926462242829
iHOOI,2,103,-0.0872719411358002
iHOOI,2,104,0.0535152234275856
iHOOI,2,105,-0.103465326732782
iHOOI,2,106,0.0416635733321293
iHOOI,2,107,0.0254839052148775
iHOOI,2,108,-0.176019678537504
iHOOI,2,109,-0.106834241238826
iHOOI,2,110,0.0423992293072939
iHOOI,2,111,0.0891358305142174
iHOOI,2,112,-0.0896252215087925
iHOOI,2,113,-0.0206078099980013
iHOOI,2,114,0.0647625698226211
iHOOI,2,115,0.0251931970952947
iHOOI,2,116,-0.0280505770303441
iHOOI,2,117,-0.0620679521350973
iHOOI,2,118,0.0488367478597135
iHOOI,2,119,-0.136782291106494
iHOOI,2,120,-0.0466230379581284
iHOOI,2,121,-0.0756898002671163
iHOOI,2,122,-0.133904312021774
iHOOI,2,123,-0.00795632469710925
iHOOI,2,124,-0.0201288723526077
iHOOI,2,125,-0.0863413051405778
iHOOI,2,126,0.0748069965578825
iHOOI,2,127,-0.012709127055932
iHOOI,2,128,-0.0277144834820198
iHOOI,2,129,0.00561306005327525
iHOOI,2,130,-0.0603271013282505
iHOOI,2,131,-0.0578429206982468
iHOOI,2,132,0.0730210588173631
iHOOI,2,133,-0.0838904787269595
iHOOI,2,134,0.0396866420364814
iHOOI,2,135,-0.0875287266256601
iHOOI,2,136,-0.06315971934306
iHOOI,2,137,0.061132546604193
iHOOI,2,138,0.0352832917893983
iHOOI,2,139,0.0415066912369901
iHOOI,2,140,-0.0496924514604718
iHOOI,2,141,-0.0887004635306712
iHOOI,2,142,-0.0649193312074091
iHOOI,2,143,-0.00132113441517105
iHOOI,2,144,-0.043035641745203
iHOOI,2,145,-0.0278100867856287
iHOOI,2,146,0.033621487611379
iHOOI,2,147,0.00228833135582747
iHOOI,2,148,0.0313413044821486
iHOOI,2,149,-0.0173663916112211
iHOOI,2,150,-0.00221729465771017
iHOOI,2,151,0.0500200806358073
iHOOI,2,152,-0.110678313319052
iHOOI,2,153,-0.056033214118939
iHOOI,2,154,0.034187497509534
iHOOI,2,155,-0.000880929181414407
iHOOI,2,156,-0.0973893473185094
iHOOI,2,157,-0.0548876601221175
iHOOI,2,158,-0.0246968003870029
iHOOI,2,159,-0.0689112222849547
iHOOI,2,160,-0.0285365466329393
iHOOI,2,161,-0.080912562158638
iHOOI,2,162,-0.0237241905501044
iHOOI,2,163,-0.109204135765864
iHOOI,2,164,-0.090349437301501
iHOOI,2,165,-0.110844072900656
iHOOI,2,166,-0.0590345626053238
iHOOI,2,167,0.0547985705925972
iHOOI,2,168,0.00402657802930938
iHOOI,2,169,-0.0561409280606799
iHOOI,2,170,0.00979412817863164
iHOOI,2,171,-0.0775213169395582
iHOOI,2,172,0.00165076105547824
iHOOI,2,173,0.072414185027269
iHOOI,2,174,0.0247568391711377
iHOOI,2,175,-0.08534401655888
iHOOI,2,176,-0.172469824614018
iHOOI,2,177,-0.096707725150499
iHOOI,2,178,-0.0595106151444105
iHOOI,2,179,0.032609239426073
iHOOI,2,180,-0.164974997707797
iHOOI,2,181,0.00616106027103927
iHOOI,2,182,-0.0682577660962134
iHOOI,2,183,0.0617058095000564
iHOOI,2,184,0.00747240627721608
iHOOI,2,185,-0.0671974656873206
iHOOI,2,186,-0.0863877717527174
iHOOI,2,187,-0.0197738659080349
iHOOI,2,188,-0.0523218219993903
iHOOI,2,189,-0.0010332196641044
iHOOI,2,190,0.0422725427621524
iHOOI,2,191,0.0344493366258365
iHOOI,2,192,-0.0875896097028335
iHOOI,2,193,0.0587413147287729
iHOOI,2,194,-0.092180906561932
iHOOI,2,195,0.0541755929351386
iHOOI,2,196,-0.100025536893747
iHOOI,2,197,-0.0706102399265671
iHOOI,2,198,-0.0243797826246418
iHOOI,2,199,-0.0246029394891139
iHOOI,2,200,-0.127167177738799
